abi maria gomes,Breakout
abi maria survivor,Breakout
survivor philippines,Breakout
abi survivor philippines,Breakout
abi from survivor,Breakout
abi on survivor,Breakout
abismo de pasion,Breakout
abi haus,Breakout
survivor ponderosa abi,Breakout
survivor,Breakout
survivor abi,Breakout
abi roux,Breakout
abi christine,+2,300%
abi maria,+1,400%
abi perkins,+600%
abigail breslin,+450%
hjuhsd abi,+300%
hanford west abi,+300%
wusd abi,+300%
abi fox,+200%
gahr abi,+160%
abi lewis,+110%
murrieta valley abi,+100%
abi login,+70%
abi ousd,+50%
